Website,Username,Status,Link
GitHub,vindalooboy,Unavailable,https://github.com/vindalooboy
Twitter,vindalooboy,Available,https://x.com/vindalooboy
Instagram,vindalooboy,Unavailable,https://www.instagram.com/vindalooboy/
Facebook,vindalooboy,Available,https://www.facebook.com/vindalooboy
LinkedIn,vindalooboy,Unknown Status,https://www.linkedin.com/in/vindalooboy
TikTok,vindalooboy,Available,https://www.tiktok.com/@vindalooboy
Pinterest,vindalooboy,Available,https://www.pinterest.com/vindalooboy/
Snapchat,vindalooboy,Available,https://www.snapchat.com/add/vindalooboy
Threads,vindalooboy,Likely Available,https://www.threads.net/@vindalooboy
Telegram,vindalooboy,Unavailable,https://t.me/vindalooboy
